ftoto,toto,0612345678,Attaque en cours
toto,toto,0612345678,Attaque en cours
toto,toto,0612345678,Attaque en cours
toto,toto,0612345678,Attaque en cours
toto,toto,0612345678,Attaque en cours
toto,toto,0612345678,Attaque en cours
bfcbcb,bbfcwb@frs.fr,SZSGS,gfrzgfs,bvfdb
toto,toto,0612345678,Attaque en cours,pmmp
toto,toto,0612345678,Attaque en cours,pmmp
toto,toto,0612345678,Attaque en cours,yuiop
,,,
,,,
Leclerc,leclercnoa76@gmail.com,,gfrdger
Leclerc,leclercnoa76@gmail.com,,
Leclerc,leclercnoa7@fef.dez,rgrg,
,,,
Leclerc,leclercnoa76@gmail.com,rgrg,dez
Leclerc,leclercnoa76@gmail.com,rgrg,fezsf
FEF,FESF@FES.dzq,FESFSE,dezqdq
FEF,FESF@FES.dzq,FESFSE,dezsqfcqccqcqzcqscsqcqc
FEF,FESF@FES.dzq,FESFSE,fesfes
